Actual,Predicted
1490,1162.2473
1568,1686.8307
1176,1106.4602
681,818.9701
1582,1477.3296
909,976.13654
669,536.0001
1369,1331.3898
943,942.7724
405,375.11105
960,1004.5447
508,518.6817
408,455.45062
1453,1451.3564
1054,1220.7134
699,700.08704
845,923.07245
1760,1202.0334
590,239.45471
1705,1605.5427
800,804.55383
197,694.0942
1289,1374.3718
393,258.48706
656,597.97437
1685,1425.314
1623,852.3418
1561,739.6842
745,1477.5913
1415,1162.2731
524,754.1226
70,8.4840355
1008,1137.7432
1751,1100.758
917,901.46216
475,841.85785
840,899.53766
865,951.43195
1540,1485.1575
565,417.96545
40,711.0733
1624,1449.3837
1572,1164.0645
452,688.3544
483,608.7651
1135,1118.7678
393,414.48373
319,662.3806
1736,1807.6266
562,771.71185
1349,1141.8888
116,53.13819
1229,1232.5764
1502,1084.7347
878,891.90027
1610,1145.231
1505,1196.3964
1727,1196.3964
34,134.84404
1763,1403.0614
1515,1331.2638
211,213.2415
296,498.4125
1186,1282.2393
991,1044.2598
946,950.14465
1018,1055.2323
1720,1556.1592
1006,995.2446
1058,1242.3796
1118,1055.3179
882,937.65
859,939.12476
1072,996.5442
900,1040.3398
1591,1521.9949
804,656.1274
1693,1111.3193
601,554.464
1568,1814.3036
1006,1013.3977
300,943.87915
47,60.496086
614,675.1698
1479,799.8752
1474,1419.017
878,944.29504
1536,1547.6774
602,588.2737
866,1023.09375
901,987.5174
1466,1272.047
91,1485.0532
757,554.1748
882,905.7034
1415,818.84015
1522,1235.4608
701,838.4186
1690,1775.6721
1156,1173.5599
138,425.4345
105,532.9431
1006,994.08124
34,-30.19187
840,807.2626
928,1091.3027
614,524.8949
918,918.16156
1236,1187.7361
585,461.14978
294,321.08105
1670,1005.0002
1535,1391.8063
508,412.94946
1299,1227.3014
1591,1510.2612
868,882.2564
781,801.4564
575,628.64764
1685,1467.4802
928,975.22906
103,1038.883
715,748.20996
956,875.8383
974,1036.5713
1006,964.09357
105,570.1658
911,915.5079
105,575.00024
495,1256.2855
200,557.1802
367,234.16191
618,705.09186
27,-141.75157
906,936.60046
982,885.1792
840,827.8638
500,612.3039
618,807.2993
452,548.0346
1756,1278.8743
263,67.31604
34,39.63683
105,118.20071
970,991.7961
108,149.21005
763,867.3235
891,883.63806
1551,1516.2765
596,659.6172
1582,1591.0605
1009,1061.9615
917,887.22394
478,413.2873
970,956.0868
1736,1397.6333
1461,1357.8547
781,768.0936
916,929.72253
1220,1083.7257
483,1057.3187
956,928.59015
1864,1533.256
960,976.83325
865,1049.4968
1464,1229.0234
1510,1090.8279
1052,1135.8807
1253,1336.6741
1727,1442.318
1551,1520.6573
61,744.3154
931,907.63416
1284,1348.5103
1289,1246.6533
916,1126.3435
1028,1157.3301
931,957.1528
614,596.5437
3,-86.79633
1664,1244.7345
1832,1338.5208
3,929.91815
105,358.5547
882,941.60754
87,436.04825
1149,995.10187
1256,1127.2263
299,761.29224
614,605.04095
585,668.2868
1685,1692.3734
239,410.823
125,1172.3043
1458,1083.2819
525,812.62463
960,977.25665
1064,1255.0571
614,591.62646
585,481.87424
579,432.9337
102,369.50485
34,-14.955107
30,227.34088
964,1122.5797
1002,1118.2865
947,1032.7235
105,235.35619
1122,1002.2783
1792,1679.1887
1445,662.8065
1827,94.85593
865,958.75134
524,542.0731
1151,1431.0295
509,531.7019
806,861.9828
1832,1672.6462
585,467.7107
105,279.57025
1113,1427.7384
1832,1631.357
138,412.01288
970,1030.7388
1132,1185.373
1164,1162.094
1285,966.98224
323,372.3085
1220,1190.79
361,509.285
33,1627.6924
593,984.8287
393,441.51874
781,780.21906
601,462.1143
562,519.2718
405,396.7837
1186,1415.9662
1002,1081.0021
1599,987.1784
913,939.4027
47,71.7251
1306,1033.3385
542,404.23782
76,852.38983
1006,1016.70416
65,106.03033
1035,935.75256
364,317.89407
882,890.15436
882,931.66675
845,853.4654
900,990.31793
614,591.62646
1000,1147.2804
312,666.44507
105,286.663
802,915.47754
1430,687.4519
542,344.28024
673,555.10974
59,818.9289
618,886.6909
1690,1738.4913
585,370.09866
1527,689.8426
688,1284.1724
942,932.1706
913,998.2794
915,962.9112
47,126.2783
630,531.12115
484,501.27167
1551,1530.8556
1186,1066.8246
495,669.9795
854,867.898
590,510.27036
1663,1612.4459
34,176.21614
138,407.88055
1118,1044.3983
24,503.56512
507,882.55835
1730,1253.1138
538,568.5814
1479,1292.8657
1084,1167.3212
960,989.3629
105,65.73669
913,955.2135
923,1311.1382
590,539.1987
483,1028.3628
482,514.09705
618,853.4767
612,468.89273
1394,1303.4779
1132,1175.5793
860,890.8153
845,767.2704
928,1016.5652
932,1174.8778
1645,1482.1984
918,826.08234
1163,1441.8656
851,895.41846
1831,1431.7048
393,459.3882
1065,1044.0881
1163,1220.6143
888,1079.8145
917,950.43866
436,393.8077
616,989.6036
1861,1683.7313
149,174.94287
70,155.77582
806,791.8746
574,555.9123
1582,1501.7675
896,1018.7462
746,477.86673
840,575.02826
913,979.12384
882,825.89197
921,1007.5935
70,-28.08715
1020,896.618
555,756.43353
190,350.7775
807,694.8846
632,909.88745
1059,973.6146
1098,1475.9789
928,978.35175
1568,1618.822
34,28.955837
1034,988.5156
478,555.4428
234,259.0484
904,1020.49976
34,26.556105
34,20.57136
845,820.3085
53,68.08987
201,289.4246
898,937.0873
1491,1521.5175
1009,1062.4108
690,590.95325
1260,290.48773
678,669.75446
436,395.1361
621,474.98767
84,703.9088
596,765.3504
111,321.68216
1832,1772.0371
666,1167.0238
906,853.7494
614,621.50903
268,427.72488
900,908.2067
603,560.9107
960,962.6873
228,226.42116
960,995.4616
334,275.66174
1832,1475.1509
281,248.66777
970,964.53784
520,473.03006
1255,1413.7603
452,592.67505
970,986.8712
246,402.11566
1284,1297.085
949,917.3046
201,181.94334
694,795.6114
1590,1301.7515
1640,1553.9934
1354,1362.6439
1491,1479.8655
917,916.42554
361,508.37692
885,968.6756
610,607.2651
393,340.55325
1586,612.3182
964,1180.1923
1844,1238.5033
47,33.623505
1445,1380.1147
201,156.61
1006,968.7569
1815,1568.9811
865,923.1582
105,923.82623
27,216.6851
1790,1375.2701
1861,1665.1007
1066,1057.8315
1804,1326.9401
442,483.92535
123,537.14386
799,766.59467
868,903.52576
1644,998.91547
1226,1397.6547
414,470.02478
1179,1097.2339
1074,1292.4014
845,881.56665
82,1464.7988
1491,1209.2758
868,961.85834
575,578.40674
393,393.79178
1237,1296.587
24,454.33072
1792,1667.5958
593,858.8948
1699,1684.754
671,946.3691
1415,1245.3098
1371,1419.3307
567,682.2323
38,610.31036
1324,1149.6062
913,982.5428
1081,1056.1302
1289,1239.3174
991,1030.8789
1520,1119.5222
1148,1108.0819
508,463.5691
1853,1477.7123
1694,1481.0792
1645,1329.9232
13,1009.66547
614,592.4227
1728,477.85678
1223,1228.3365
954,835.03436
34,87.78541
614,610.33044
1658,1679.4281
1044,1196.4507
806,786.4598
1386,1382.5626
246,395.89896
900,910.0363
1453,1425.6432
408,474.72064
405,383.58093
508,457.7959
451,494.50336
585,339.7624
1551,1278.0553
402,789.32336
845,853.82587
1453,1455.6917
1232,1204.2921
694,626.2087
1048,1051.482
1074,1143.4514
982,1003.4831
900,890.5276
34,41.64362
1821,1284.5782
105,497.15396
241,499.3255
487,910.8592
3,491.55817
1377,1220.5835
54,537.8881
34,229.99356
1104,1015.6594
316,329.71652
958,839.74866
509,1014.39404
1798,1629.3174
1234,1163.8245
931,984.57776
1199,1449.7819
906,887.5108
1453,1462.5193
1453,1444.4106
1127,1027.7354
1625,1329.3082
138,396.68567
900,950.0413
1009,1051.7798
585,472.08484
382,437.47513
1233,1081.3234
1764,1513.3188
1365,1143.251
230,-187.62596
316,470.92328
845,923.8371
982,1001.6888
702,859.8037
1009,1021.4475
905,1038.0791
57,1282.2283
984,1027.6293
27,162.56483
1831,864.6995
1409,1437.7915
614,621.20514
34,11.829254
1811,1137.1871
614,731.57465
960,1028.3103
860,913.2505
1453,1475.8442
585,519.4332
898,883.521
452,1078.6025
991,1023.0234
485,987.4597
1123,743.30164
647,758.3375
408,420.61038
916,1103.0287
669,709.75287
859,728.43396
316,306.3747
956,1010.2131
405,365.93307
176,954.96985
669,586.8053
295,448.80054
34,-80.40008
272,768.1464
1006,947.47723
1009,1079.2585
242,268.13705
614,575.396
1009,992.41516
393,473.26996
952,1015.011
28,1336.9089
708,1065.5585
7,699.5681
943,1085.1276
882,873.72614
848,910.5521
299,421.56015
878,874.5891
34,55.648354
414,630.55133
806,833.9109
925,924.547
1792,1758.8967
399,509.00394
116,109.30215
414,358.3423
1453,1429.4398
792,974.51465
49,1559.2482
1284,1153.7052
146,508.58105
960,985.8894
289,62.60624
34,160.71272
495,725.0505
1202,1111.8319
542,455.6304
1427,1011.84436
865,928.96466
160,896.7667
321,343.9687
47,326.2575
1176,1003.12915
153,1527.7118
591,808.47217
105,164.30649
351,490.4233
1757,909.821
655,871.9311
1009,1056.7776
960,954.40125
1508,1429.5845
1255,1264.7261
1006,1017.6773
865,836.9177
405,332.91818
991,1061.1637
411,519.75397
781,792.6411
906,931.02295
1223,1312.4197
576,923.95264
851,854.8749
1643,883.2529
603,590.31586
575,445.95624
906,925.1337
316,444.6701
220,154.77437
1152,1261.7836
1491,1435.5668
970,1049.4438
1685,1687.4741
530,600.63696
72,605.835
1131,1249.3063
491,1063.4836
845,817.58234
1033,1035.5891
542,556.9642
407,357.24664
590,468.3266
508,427.41516
299,460.79324
866,996.6502
1018,1007.1592
880,824.5343
585,433.7301
1734,1019.0813
745,785.01
246,757.5618
900,832.1507
1072,1002.79755
593,663.808
918,950.99146
1089,1071.3346
1461,1337.2653
1685,1264.9523
116,191.39185
773,742.37994
1068,1313.367
34,204.65863
656,1049.3517
1074,1219.2168
1531,637.6142
1568,1622.7498
1832,1724.7385
168,799.8299
34,166.3153
1341,1294.1681
54,135.29846
34,-24.33192
911,953.53644
1378,481.04922
681,569.1823
316,300.61032
1315,1272.4628
1323,1556.1592
900,913.3539
562,523.2683
585,531.2395
1474,1500.1
1009,1025.1752
992,1106.1282
1189,1243.0491
1145,982.64685
34,75.92932
1035,1039.6195
248,1236.0083
558,963.0554
1132,1557.6326
1474,1629.0514
845,882.9243
428,580.0826
609,805.175
542,423.29144
474,390.499
105,340.2995
882,883.08514
596,669.2365
1052,1127.4875
1064,1141.0686
774,792.992
34,64.44932
357,887.6978
943,985.2167
627,761.40247
575,392.222
1479,795.8716
1498,1433.7739
1453,1121.6781
1748,1781.6261
847,656.3556
800,827.5953
1091,1113.997
1220,1117.7896
1704,566.86115
851,871.0895
495,998.03687
1006,1015.0045
495,598.66016
585,446.26996
904,859.8804
258,166.58966
608,1003.33545
1127,986.69476
361,363.6219
1858,781.1988
428,556.4245
1277,1321.3962
1202,1171.9183
427,377.41895
937,1027.3562
966,1020.76166
451,490.39807
268,359.80328
906,927.1928
250,668.50964
170,151.09003
1760,1820.1823
1856,1031.9393
1551,1610.1353
845,799.43945
1557,1344.5322
85,314.51276
316,338.52072
1400,1361.1783
591,716.9652
1338,1177.8895
47,67.03047
911,878.5863
806,770.32904
408,464.18408
1864,1568.7985
565,462.95547
882,977.4861
1830,1372.1505
805,283.59198
1035,1044.6282
868,891.24054
1024,1373.2876
382,498.88007
1306,1067.4429
555,480.783
955,958.1806
640,550.5908
1645,942.734
1856,959.165
897,875.80023
535,1297.3123
1256,1146.4795
1319,1188.1483
447,603.3995
76,227.34088
1374,746.96216
111,59.64898
414,311.64215
464,492.14682
316,387.06888
635,436.05753
334,377.25916
906,883.8561
542,410.16766
1425,1150.9652
170,191.84743
328,348.60233
105,641.4259
590,164.28287
715,724.6283
590,594.8561
596,640.886
614,640.2281
1613,1170.4065
542,360.16013
906,940.14624
990,892.60565
913,939.28345
542,487.48068
1429,1335.7008
1009,1017.8826
34,-68.740715
1236,1204.8961
995,1261.8162
878,892.02594
605,711.8247
34,-14.164401
268,358.02295
508,389.70627
1006,1029.8845
1009,1031.3076
1160,1214.8376
149,174.94287
807,667.6455
3,145.01894
34,25.732517
1120,1005.1971
340,28.644667
519,406.58655
105,73.59041
896,960.944
105,203.33154
885,939.27704
1371,1226.0409
1815,1580.8207
1820,1711.262
1009,1031.4467
281,332.93658
1328,1347.4685
373,389.44916
1685,527.38525
1006,973.54486
1685,1232.3268
575,511.23035
334,675.6686
1066,1049.607
34,250.80779
1624,1552.4392
34,105.83338
882,900.7004
35,1258.1611
909,984.08655
1453,1431.6571
122,1342.7451
1018,1122.9927
1450,1282.7073
931,937.62476
105,-57.56639
1491,1487.71
1324,1424.4874
1009,1077.3899
2,1633.5438
956,937.1441
900,862.891
487,698.3836
88,109.72769
34,-38.487778
835,350.28625
268,367.3818
1283,974.824
1830,1667.6013
1642,1613.6637
1589,1090.1157
186,744.17316
1281,1337.1783
34,-55.803677
92,428.33237
1491,1514.3414
34,-3.4035242
1819,1664.473
896,1010.4404
851,867.2738
1658,1731.8541
781,823.12933
1074,1082.3589
627,896.97375
906,970.37634
1557,1105.5498
1263,1120.3549
1453,1469.2263
349,546.01556
1676,1477.6934
646,653.83496
865,1023.65076
1624,1493.6624
532,539.0552
1486,1298.366
1453,1448.2228
591,805.4611
604,640.4826
695,541.46826
105,496.09088
585,526.211
1487,1328.2151
1216,488.21646
1092,1367.0005
1830,1368.681
1068,1270.6404
1192,1548.941
562,567.16785
1628,1275.9287
57,917.10864
34,24.78626
574,939.8332
1281,1227.984
475,912.87933
287,442.96265
900,907.48926
1443,1308.0367
1726,906.1913
1161,1213.2078
920,1007.83344
851,834.1591
1453,1430.1716
1006,977.59247
568,492.56683
483,1331.9244
999,1106.264
393,407.90973
1132,1221.3152
1035,1097.8733
931,998.8033
1009,1002.26276
87,199.26074
1042,975.57794
949,909.6924
1775,977.579
251,260.14215
170,151.09003
1820,1825.1897
251,654.27246
524,535.5115
928,1006.8111
1551,1429.7223
1775,1177.5007
960,969.5996
1453,1279.9421
131,229.20358
1645,1066.4198
140,431.39157
1645,1209.6245
1256,1243.8065
1006,1014.04456
868,879.84174
1725,1555.3564
65,152.69289
1521,1807.8579
1215,1136.3807
65,371.0372
524,471.4245
411,697.03424
1856,912.4178
636,671.7577
34,29.812407
246,643.2633
1601,1724.9702
1092,1175.9462
274,858.67896
451,442.0289
868,978.2345
833,930.37616
1415,910.96423
741,235.92253
1064,1119.3649
1132,1143.4548
593,927.0133
851,852.9742
393,766.17334
909,886.07
888,903.6042
1173,1191.8251
1104,1094.9285
1395,1146.1183
845,822.0501
1006,946.9527
551,521.3408
578,476.09772
436,342.67682
966,1049.6761
1002,1108.1299
1117,1346.3651
813,863.86475
774,786.6713
882,853.0613
913,1031.9657
1310,1332.332
4,41.147076
1035,1017.52325
105,491.04803
308,749.027
1443,1419.0161
1685,1422.5154
405,398.28238
1140,1090.8782
585,312.04214
1453,1462.3256
34,162.34457
900,925.55786
34,-58.905437
1792,1744.734
34,169.54486
542,466.64517
701,841.47186
1132,1202.0704
593,465.12445
868,909.8418
888,878.3909
918,987.4806
991,1027.1548
1255,1366.9066
482,470.3211
511,586.85046
401,609.9964
708,633.5974
851,881.85724
593,864.3756
1479,1273.3875
774,793.8057
188,750.0142
860,837.3387
1739,1747.5492
1685,1513.7369
1464,1309.146
524,643.4209
982,969.6248
1296,1277.7345
1447,1290.0327
105,820.9832
321,268.497
911,901.8646
865,926.1972
1515,1440.4705
1830,1583.7662
1571,1162.5004
1599,1580.8988
544,762.7282
882,798.19904
1281,1406.8331
956,1100.6709
138,922.0992
906,883.2877
1044,1135.9082
1156,1410.898
1006,1022.41235
1385,1247.0077
1018,1059.953
976,1008.8146
1415,1609.9863
901,912.05426
919,966.5943
405,419.01962
879,812.1504
235,1226.529
913,952.78735
1397,1265.2257
1260,668.72015
1135,1247.406
1447,1312.2191
888,873.1584
27,475.48642
903,914.8132
898,1001.90466
1576,1304.3878
1325,1294.8594
517,453.0305
1006,1028.6941
1831,864.6995
956,986.6553
781,870.8194
919,911.06055
238,600.4524
1284,1347.6251
216,602.2277
854,821.46515
316,317.85397
34,8.579041
970,1046.162
783,778.592
405,383.58093
296,598.47864
34,-21.572552
594,617.35474
1063,813.3042
191,291.77814
123,583.00226
535,452.9472
34,54.885403
246,109.78062
1832,1303.6566
1050,852.77405
398,813.57916
210,300.5596
900,932.7447
800,779.8199
723,981.5234
644,431.16098
186,1182.9144
1009,1048.2556
484,480.27002
105,548.59485
1209,1036.3673
1806,1518.6896
1415,1939.0604
1512,1447.6438
1157,1351.5564
483,1068.3708
735,697.8831
714,486.38507
575,522.79877
854,845.96747
1868,486.39142
906,880.2875
1047,1034.6956
1009,1098.6637
948,1004.2839
753,477.1699
508,509.3875
1052,785.4169
1555,1273.7899
1792,1765.575
1591,1375.0983
408,367.3185
585,575.1161
138,489.85355
1006,964.9107
906,911.55115
1538,1452.0693
321,355.88254
1832,1309.9725
524,492.24722
1388,909.1428
34,176.05498
915,1008.4812
1720,1557.7047
316,336.90048
1497,1279.7947
608,793.812
393,354.29883
732,934.8076
979,1001.73566
1006,1016.9791
1830,1383.9445
590,568.7634
1072,1007.8252
105,258.82632
882,940.9244
1453,1429.9492
806,842.2659
1690,1626.1143
1597,960.8325
675,415.4981
217,1164.2036
1474,1438.7512
746,517.0251
484,366.76532
1346,1257.1237
1092,683.6224
1645,1523.563
1386,748.36255
906,900.89905
562,625.5132
694,605.31134
877,925.3458
915,965.80945
1705,1067.7665
1297,1425.5613
1356,1350.0546
34,65.37142
412,580.2735
138,357.95352
1733,1076.7205
878,850.33655
927,942.13086
168,892.8326
1132,1391.849
918,973.5474
917,939.6166
1006,994.206
1048,1113.2902
1394,1191.6855
1031,1098.8011
815,782.51245
542,442.72754
1392,1692.1945
1009,1063.6234
958,941.42004
1792,1758.3025
542,412.73734
995,1092.6484
1572,1232.1775
694,610.33044
1492,1434.7916
405,420.12955
507,413.48007
316,273.7532
66,723.4893
918,879.96875
1552,1184.496
1582,1463.643
900,898.6372
1851,1317.9766
108,528.0747
909,986.3097
808,890.533
913,1002.2891
1359,1268.8918
436,390.5925
510,806.623
1265,1227.0175
1203,1165.6987
1591,1211.597
1046,1193.8397
241,309.61987
1144,1198.4263
1132,1193.4778
221,-56.848278
906,910.6396
105,259.27713
1262,1072.9326
1009,1009.32416
846,705.2789
127,456.50085
1453,1421.4022
1443,1236.88
982,890.5607
1068,1117.3483
84,1322.8383
367,304.51913
906,940.54395
859,848.5705
840,861.2102
1582,1501.4093
1284,1321.4966
1786,887.2481
1371,1323.5101
1540,1448.4675
905,899.78156
952,1177.3036
900,781.69604
1775,1177.5007
1009,1016.3691
1229,1248.3948
1018,1068.2216
1852,1220.0624
976,965.2797
774,785.4827
361,460.42853
1302,1211.4357
882,862.6464
1415,1347.2456
1494,1410.4081
1296,1324.6244
451,494.50336
960,1018.11365
956,996.0875
995,1072.2285
1603,1464.5187
1135,1245.5724
190,278.24103
482,693.3338
882,924.8661
1106,958.0659
882,939.551
878,887.10126
1515,1178.5212
105,367.48093
928,1086.8969
500,466.29288
882,824.1147
562,731.7679
585,589.0084
452,474.56555
1491,1342.004
414,420.87433
909,977.2427
1006,1003.2889
671,712.30884
542,475.15714
213,410.74265
903,1012.1695
952,982.5247
1759,325.8163
948,1142.7377
1527,970.4096
34,4.8175974
913,974.8064
316,330.95624
1685,1888.7443
1006,1019.3856
1431,1246.3119
451,542.9343
1484,1288.8634
596,721.6887
1571,1300.7551
551,604.01245
246,308.42792
1066,1125.813
596,603.52673
904,885.6849
341,311.6909
105,301.12723
141,605.7557
851,840.33936
1176,1159.8121
976,1073.6824
1532,922.18823
555,502.3895
943,962.9129
1561,1056.1122
113,435.2036
856,791.1209
447,502.95288
575,485.36316
1658,1633.0087
931,941.09674
1008,1120.7644
1785,1231.1388
557,447.8324
1049,930.13446
1394,1325.4277
393,433.32898
149,303.74524
877,852.0547
1582,1405.7461
47,60.496086
220,172.22276
1810,1256.3788
34,61.130802
806,810.2787
344,567.46716
614,522.45715
361,315.27695
904,935.3487
209,100.83414
1453,1301.0121
931,1024.2744
105,-67.928406
1801,1895.3315
296,531.65247
342,787.67664
34,119.00619
1060,1034.8893
405,235.3505
590,676.15533
951,1106.4214
267,744.9988
34,126.1973
1342,1239.8182
517,474.92938
896,948.18085
550,386.4396
1300,1627.9941
34,114.01211
34,86.281685
105,307.38547
1494,1387.6254
931,881.3174
1052,1116.8248
1561,316.09662
1030,1061.6273
34,289.11505
514,307.72223
1575,1198.2811
440,467.5417
868,891.85284
1168,1161.2803
105,63.435894
1310,1352.6504
774,793.69403
681,563.89246
614,562.17474
985,1007.0105
1198,1292.8512
1811,1287.9995
408,435.6494
1007,929.58826
927,947.47626
960,967.6374
367,255.60452
47,101.2481
1705,1025.2589
590,415.47073
1453,1244.3531
631,494.78604
575,142.50772
1361,1329.7435
1284,1382.5198
928,1097.2264
1382,963.4018
316,523.37366
1375,1270.212
976,1037.8173
1582,1443.8572
1501,1408.479
105,790.5331
517,452.71118
45,290.9188
1409,1449.7958
649,899.53937
916,1075.0083
166,1313.7084
495,1339.0754
763,697.24976
908,1008.0247
847,1077.6835
105,137.4227
1453,1430.0126
808,777.2973
1121,1185.6626
614,523.9274
1118,1030.6777
1453,1516.063
1304,794.6168
585,591.04645
283,1179.92
70,56.416996
154,252.07764
88,191.10492
1690,1706.9418
316,492.9799
1132,1479.7914
7,524.6523
837,797.4348
834,863.1318
567,568.8401
1356,1125.9353
1756,1269.786
14,296.0319
1303,1114.7802
698,834.9982
885,928.5705
138,645.00555
931,1010.0328
1176,1129.2626
1733,1835.6293
913,892.25183
903,916.4075
695,796.7855
1760,1445.0105
955,906.46106
757,525.62427
1018,1063.0347
368,336.39618
1356,1352.717
807,661.97345
446,478.2801
956,929.594
982,947.65753
268,364.4718
1118,1050.7635
592,404.9327
878,870.0034
485,1165.4581
841,1013.92267
141,310.8712
1009,987.7339
138,662.70483
1645,1504.2703
550,265.8884
1557,1262.8761
831,560.21844
1735,1591.502
1453,1455.3103
1759,325.8163
1365,1434.4843
1690,1715.7267
562,737.31836
694,626.2087
361,261.86566
47,60.344265
34,202.5954
500,368.7034
134,457.32828
1299,1274.687
868,977.11505
1394,1278.3599
1689,1740.6167
47,-9.268303
991,1032.0436
1786,1405.4948
1733,1596.3064
913,979.24396
851,870.6854
34,6.2307153
50,366.67157
935,1006.58905
909,974.95624
585,326.9929
1495,1173.8802
1429,1278.155
1663,1578.337
1115,1181.0531
182,328.6806
524,419.6728
1739,1618.6403
47,98.442825
1830,1389.5925
878,912.35175
982,1063.191
1830,1303.7549
105,864.13617
1453,1440.9584
1590,1263.4431
1415,1275.9122
1163,1251.3604
1240,1195.5105
1798,1613.0155
360,550.80743
903,1054.2891
916,1139.3759
774,751.9404
738,455.6178
1219,1186.0336
1555,1333.8877
1665,1745.142
606,318.36923
1404,1245.702
833,995.0009
1757,1028.6058
1696,591.5254
1215,1180.2875
960,984.2691
542,441.41745
917,1116.1505
987,1134.3019
919,1001.27637
311,571.0718
1048,1143.9329
1792,1696.2666
1830,1528.251
1066,948.2034
209,567.51654
1658,1727.1228
34,60.80755
960,1039.3135
906,981.17487
669,704.89105
277,333.94107
123,610.3964
1250,1228.7467
483,578.7052
436,401.70117
1494,1421.2532
1792,1690.5461
822,728.2599
840,969.4218
1151,1218.5707
1404,1454.6667
105,96.82646
1068,1154.5315
1342,1376.4071
542,486.59894
1451,1369.7653
1074,1163.0403
1394,1317.7168
219,755.14777
906,854.0721
1832,1626.191
845,820.5713
1097,1244.2346
289,231.24251
1198,1205.9136
1404,1299.3357
1062,1123.3599
785,917.28174
936,1057.8965
57,564.7343
861,901.4085
70,-44.216076
971,1093.0502
47,21.29527
1757,1520.1233
904,840.42303
868,887.8487
277,537.9304
1845,1308.2465
138,436.28925
1397,1266.5911
436,688.08887
1394,1276.9905
1685,1405.7566
260,930.13446
991,1026.8096
172,620.41895
577,1151.5325
1006,919.4135
1110,1642.3704
806,856.3882
991,1100.5992
1158,1064.3284
34,86.50892
1215,1178.1094
1799,881.64124
938,989.2263
860,883.77484
1645,1653.0142
1106,1013.02704
851,836.84576
991,1019.86945
1188,1072.0897
1033,1034.4816
877,869.1716
984,883.8263
1002,957.44183
927,998.04675
542,433.59122
1028,1043.4797
702,437.33768
715,701.97473
781,775.8747
1018,1074.5931
1169,1304.3092
1453,1448.3901
1491,1432.0742
28,680.2627
1832,1381.2837
287,648.3502
904,843.8034
1447,1331.104
1181,1329.1748
1385,1195.2404
807,768.5516
506,799.8752
1009,1058.5331
865,962.6366
1366,1058.9895
324,475.7611
1068,1264.1781
1453,1441.2393
916,1099.3904
1830,1134.0676
946,922.5766
3,172.9276
1819,1714.8989
708,648.7887
806,792.45184
105,1234.412
244,445.94653
942,922.2788
296,620.5147
439,376.03226
1845,1604.8762
1533,1179.6268
1021,1504.9578
1328,1321.0438
1856,1052.2279
47,71.7251
1699,1686.1482
1202,1289.9554
1391,1304.117
47,33.474327
146,419.13278
1033,1059.4055
806,772.4681
300,433.84494
105,395.52078
695,725.81104
1331,1124.9045
408,419.06293
845,815.4563
197,407.17386
1081,1049.1569
1526,1594.62
609,1372.1747
1658,1527.1199
487,579.20404
443,441.55743
909,875.8297
956,1028.7395
1309,1119.2616
906,951.7941
1560,1456.8787
1785,1286.2935
1636,1149.0721
1118,1047.4133
474,309.20984
781,837.45905
1670,1252.0421
246,480.0012
1203,1323.0175
87,263.22046
1131,1347.1487
1275,1353.8531
1453,1423.8536
296,444.44086
1439,1604.7224
1479,1349.7402
1445,1353.2986
44,1174.7183
961,951.89966
157,365.47287
1508,988.81995
900,908.7664
1642,1558.021
1387,1397.4756
1048,1134.6338
535,604.20447
1491,1514.6425
547,639.13574
1453,1490.255
1271,1043.8263
1739,1635.5208
596,975.72534
900,904.47534
105,327.07913
34,91.30994
590,589.9044
1447,1315.8375
1302,1040.2144
1319,1368.0189
138,414.45386
669,665.5499
524,553.89954
991,1017.56537
614,555.20624
913,976.66
1495,1288.9014
1688,1503.5631
1356,1377.5305
906,928.0298
268,374.81207
770,1098.9548
229,359.2585
316,287.9495
3,687.6031
1453,1261.7491
1201,435.67477
476,604.27496
1503,1421.1027
1559,1652.8604
1189,1288.4689
1127,1016.2044
575,370.73514
868,885.859
1445,1438.005
630,656.7666
1188,1320.0454
878,876.0379
1244,1060.664
1017,1122.2941
1507,1476.3296
434,1116.092
851,836.75635
1151,1304.0475
1018,1004.087
1690,1694.8665
868,894.07355
1049,1114.415
1453,1439.5139
334,266.00763
1724,1441.5037
1491,1143.1068
290,660.2089
590,421.13037
1768,1756.8606
1545,1413.6682
1411,1408.9722
542,376.17514
1009,1040.8123
228,495.2786
320,372.3085
1498,1280.3575
647,770.9282
1453,1408.753
1372,1121.703
922,971.83636
647,714.68536
851,905.5845
149,210.64294
1568,1670.4778
851,923.3522
1152,1310.0066
1149,972.3356
535,656.10236
1151,1147.5249
971,1291.3649
1656,304.06656
1685,1308.9974
542,464.301
382,437.47513
845,856.5694
1046,1159.7122
1748,1506.7875
882,926.4076
204,1131.4193
1203,1167.8105
1132,1166.7588
291,367.09116
34,101.9053
1777,759.25726
1104,1208.3333
1479,1410.9045
591,681.3753
1439,1550.1421
885,987.97546
1207,1161.3916
27,310.08505
845,833.7421
111,271.08994
551,682.13794
808,743.6166
47,172.04596
913,902.0334
562,526.169
1006,1010.80054
913,900.57825
496,508.85126
854,877.50854
832,615.7968
1108,954.7765
927,991.31366
901,903.16156
562,799.4999
856,963.6904
1527,1057.2861
1567,1236.0194
852,844.66174
1586,1382.5901
562,504.2061
1196,947.3079
105,180.72609
262,133.8843
636,606.4823
847,682.17395
1623,1158.4277
1670,1314.9238
1009,1007.8257
361,395.1605
1691,1434.4266
1132,1204.5146
885,950.3754
845,810.0967
1202,1144.4683
1067,1006.97974
913,909.333
1248,1326.6885
471,460.22455
1371,1406.251
524,600.26953
542,415.80984
436,446.30753
911,882.0861
1163,1269.8003
1064,881.02094
317,382.343
1066,993.1302
382,389.23892
1266,1225.3906
1135,1144.3739
487,708.3284
550,557.20465
956,951.9799
312,903.9308
708,442.0825
138,688.00726
851,950.0301
495,665.80865
966,915.74023
325,1412.7942
1066,890.83
344,580.8268
339,334.73856
667,641.3241
589,982.81854
936,1151.7373
585,553.54266
1551,1125.6815
1322,1247.7354
1832,1132.3881
1491,1446.7217
1328,1326.5723
1255,1338.9613
1361,1394.0697
1453,1427.1018
603,711.9769
862,890.2274
1415,1517.8809
483,1152.3239
646,573.0241
562,620.0141
933,1061.0876
97,442.58282
597,764.90985
555,468.7241
1855,512.22266
447,540.2431
47,432.17267
15,1343.5125
1127,1008.4555
866,1023.4748
723,725.61865
840,719.7206
1785,669.0926
1591,1277.336
913,948.0326
1091,1038.7716
105,1540.6113
1655,533.93646
668,542.6756
1074,1067.7693
1453,1436.9553
1001,966.4643
1468,920.47876
590,475.54504
1178,1492.3701
781,808.41895
34,17.53202
1739,1838.22
1225,1275.6616
888,924.4586
1035,1023.502
418,275.9409
272,924.4301
497,337.74176
1394,1210.1324
714,475.5512
1453,1421.3724
1785,1534.2457
197,450.1372
905,826.66724
825,638.3756
105,149.10388
105,99.11895
882,930.5982
1246,1103.763
316,344.95728
585,534.37366
61,310.2423
585,527.73395
1234,1204.3871
608,783.0277
1371,1272.047
931,1000.47156
1356,1032.494
1174,634.30444
603,724.39343
151,144.012
882,898.3934
34,149.15651
629,217.25403
1832,667.70013
604,463.30203
878,894.1653
607,871.2332
1284,1353.8734
607,988.3095
105,256.30127
584,489.58884
419,501.03497
442,333.73846
1163,1211.4104
877,868.1698
542,413.5835
414,436.24634
274,670.81976
495,987.1784
1091,1052.4818
575,425.35953
590,680.4386
61,80.84369
845,822.7118
1006,997.3227
1009,1028.0391
361,288.4682
193,523.85144
1539,1250.2518
332,434.98526
34,133.52585
285,460.90353
105,931.06995
1354,1329.0475
917,963.64746
913,994.10596
1202,1356.511
81,1255.8608
1745,524.8629
868,917.2416
1739,1577.0007
1325,538.7273
34,-45.67796
34,63.18312
1411,1068.4814
1091,996.10443
383,344.896
1443,1392.0745
937,1005.49603
24,442.34738
1730,1516.8386
1658,1580.8081
1526,1425.9272
636,938.01965
1328,1191.1765
1009,1053.7704
562,615.7644
387,554.94415
555,590.2551
1064,1081.6111
1680,1117.3616
511,593.4438
1006,960.1046
154,258.35156
1830,1671.8677
575,560.0573
781,777.9213
1642,1506.5116
1390,1285.9224
944,1004.8307
274,592.08875
105,-0.43717146
1374,949.56866
393,395.70187
1006,1021.48004
669,591.121
1582,1504.4697
1754,1083.812
85,205.5539
1229,1318.8774
403,289.15402
37,333.3454
465,416.15518
1176,1016.57526
76,521.1464
316,344.93085
571,798.50494
1006,1005.88245
1072,998.7629
614,636.2618
379,692.35236
973,913.68085
662,552.94653
777,572.56274
3,453.7581
257,402.97714
294,502.79153
452,1077.8789
837,787.7915
451,465.9377
1006,994.11224
685,821.25854
1006,983.2784
1760,1275.3959
962,1026.8536
1594,1161.5216
1394,1298.8103
960,976.1823
596,854.0196
1294,1289.6324
638,570.21185
900,894.6288
34,39.33182
211,213.2415
877,888.24457
1313,1193.6357
913,963.52106
1223,1239.501
1564,1210.1565
1374,737.28235
361,355.22614
882,898.45654
1443,1422.883
105,2.1737947
1768,1751.3601
1760,1538.682
508,399.1587
405,370.2073
916,929.83234
382,390.4489
1080,1328.5479
87,184.18478
1685,997.3
1549,1240.2599
1314,1242.4199
1052,1121.987
1453,1135.409
299,591.9471
1029,1084.3577
1535,1268.7854
405,471.2897
34,34.2223
976,1117.8447
1453,1438.4702
826,810.16077
916,1101.5055
298,436.7124
259,899.58734
1453,1395.0499
585,395.30414
1183,1352.5027
1785,1443.5924
976,1069.8212
1685,968.513
34,130.89485
1081,1310.0001
1361,1347.6527
1058,1067.1935
1447,1319.7344
938,955.2878
614,597.1276
669,545.7962
1828,1265.7281
633,999.41473
451,415.76135
806,791.00757
575,448.14307
170,151.09003
1500,823.60803
1387,1401.711
863,881.58594
1387,1093.4285
1453,1503.1068
614,621.20514
34,94.81998
960,986.6463
1106,1087.3207
393,485.92157
601,554.4008
34,77.73916
484,260.29398
1316,1261.0236
806,779.1912
1028,1054.3744
567,648.71405
1035,859.33636
316,477.77203
1494,1422.4558
743,718.39484
508,213.14381
53,461.45963
1439,1557.76
64,1348.4325
228,577.0982
694,631.12756
1824,1527.7952
234,367.49487
462,372.6777
1063,849.97815
1084,1105.5387
339,359.34702
414,426.73132
639,598.3659
1510,1341.1184
611,596.4303
900,971.18054
227,404.58698
1035,1099.134
898,909.3944
960,956.4106
967,899.66
417,582.55884
1582,1511.3508
316,323.50262
913,980.1363
654,627.3489
1611,1548.3263
614,602.6247
1169,1193.053
900,886.51166
1761,1839.0391
984,1046.8687
1487,1398.8849
1491,1554.5769
542,481.5764
596,809.54193
918,1005.06885
1113,1304.0018
34,83.053734
360,463.9609
1237,1290.146
1091,994.98785
687,485.35724
1582,1449.2078
1465,1240.1105
105,139.88347
1081,1072.3286
1711,1382.5492
436,405.12854
34,-73.47427
970,827.972
1092,1181.6531
1814,1074.0317
1453,1504.9883
405,452.85907
1281,1160.204
980,921.8831
614,655.84515
877,897.59125
1487,1375.972
590,20.156479
201,469.86536
845,966.171
1645,1164.6802
170,406.92166
1643,829.5336
709,735.6479
316,362.49997
84,688.6854
197,567.73944
452,573.7239
878,872.5897
34,0.78628016
517,505.9712
1464,1206.1198
426,402.77792
844,810.88464
315,551.25195
85,345.3473
1074,1089.9536
785,776.9066
471,455.30432
47,109.2188
1229,1305.3094
977,1291.2084
64,1326.7881
316,336.21396
47,-4.6145706
316,330.7106
542,418.57895
1064,1063.3921
1830,1243.3596
1718,1739.5986
660,805.2707
781,832.0552
1134,1247.9456
1233,1200.8539
488,832.00195
914,1076.2343
882,884.3924
939,1286.0345
128,1052.5378
1828,760.6708
1437,1240.8243
92,337.70547
429,476.48016
1226,1251.6516
1284,1272.5851
1651,1147.2358
885,974.012
1284,1355.3021
296,780.8544
24,293.84464
316,384.94388
138,444.84097
1009,984.1715
1018,1103.1752
806,800.6083
453,749.1864
1830,1022.807
899,843.6411
328,439.52002
201,602.98413
1765,1374.3027
1368,1495.9761
116,86.54579
1062,1145.2251
915,1013.0646
931,925.63965
1132,1170.8365
901,925.0719
21,1308.9539
511,699.81744
393,368.87274
663,731.6721
1492,1324.2924
542,435.27628
1234,1286.5502
647,576.7986
1094,1303.5319
1018,1098.5786
1431,1303.7363
1522,1309.1486
12,383.28302
231,109.87484
105,157.57454
618,886.3746
909,976.89667
900,929.6173
774,783.48303
1135,1162.7966
1415,1474.2378
34,72.28202
900,997.46295
1285,988.07544
1492,1624.8466
1064,1054.0023
563,948.20856
1092,808.96893
882,946.91693
748,874.8353
1474,1569.3273
461,547.33545
287,155.50467
1076,880.2683
54,141.76349
861,887.51776
1783,1507.0331
414,541.4271
1513,996.4586
1374,950.8231
1487,1516.9967
505,592.0093
393,317.27344
669,529.8364
321,393.21524
1036,1166.8143
1484,1401.8568
781,762.8754
429,460.90353
1591,1506.541
1220,1184.9315
1064,1161.2445
1399,1066.2029
1255,1268.7267
1642,1385.5344
614,542.7969
79,1030.3217
1217,1231.4785
585,557.3158
524,525.7835
348,553.5125
34,-2.4270618
758,848.6308
695,692.3665
834,818.5184
1099,1210.2693
851,909.76984
1580,1257.7009
1225,1543.071
888,877.5986
944,1058.6094
393,333.14487
522,405.4243
947,997.2503
1125,1166.8547
552,882.3564
896,948.00476
1188,1171.6873
360,430.46332
1104,1114.6405
851,894.2831
1343,1210.505
845,864.1977
1289,1152.2092
1818,1640.4984
1597,691.7475
1690,1793.165
1149,1142.4617
917,932.0927
1006,998.2631
1423,1188.253
1068,1112.4197
1736,1635.9607
656,518.895
246,773.2915
1009,1056.7554
414,447.4716
196,874.95856
1198,1086.7689
291,1043.4634
827,856.90765
1453,1409.4011
263,848.58777
187,220.85422
268,413.4764
882,834.12946
742,712.02716
840,791.35986
935,929.4924
408,420.61038
769,907.7149
808,717.32666
917,977.5377
924,969.6629
1816,1097.6622
1551,1476.6584
1547,1516.822
991,1073.5115
393,375.2763
116,181.11078
903,943.1379
1832,886.88904
972,954.3228
1415,1236.2317
1491,1540.5381
452,489.1254
614,675.1698
1628,1369.8961
484,461.13608
517,480.02933
1599,1582.0942
1180,928.80676
1749,1529.9791
585,530.7597
998,984.35583
1118,1058.7601
1269,1214.7571
1839,1399.8191
1196,1501.636
1710,1170.8165
408,497.47662
913,965.5813
496,648.34735
1113,1154.6046
1453,1420.3475
337,224.91795
1707,1549.9279
34,204.47043
1208,1404.3562
909,901.1911
991,1058.4054
1633,1495.1927
1453,1416.1024
34,285.9902
1789,1214.3967
410,729.76276
715,792.9847
267,340.21503
851,796.43884
1309,1196.8308
681,635.5337
197,483.4469
1644,979.0303
411,549.76764
900,945.5551
706,632.06165
105,-33.74483
562,702.88007
1385,1196.9612
1156,1063.5989
249,430.59442
1009,1060.2719
1214,1195.9835
960,985.03436
1601,1746.5249
1437,1286.7985
1491,1531.6976
1066,1069.5424
524,641.4386
1797,1194.2086
900,906.38184
1540,1413.5076
1653,1426.4281
1033,1156.8961
976,994.3464
524,545.56805
633,997.20465
1132,1130.5887
1453,1416.3469
361,498.61456
590,479.15234
183,192.0795
965,929.35443
1558,1025.7764
1409,1457.3994
1680,1806.6012
593,684.18085
328,428.24017
1582,1472.7566
1505,1232.1151
1453,1289.6399
1645,578.34564
1214,1177.348
1130,1084.6167
12,199.19714
360,504.6736
1214,1035.8499
1521,1444.0469
186,1068.2876
34,62.24772
1009,1137.6903
1294,1190.3838
1183,1313.0471
1761,1724.0685
964,1103.067
913,961.8471
976,930.5588
884,551.90234
975,1101.9708
621,583.0083
1785,612.0274
1434,1173.7577
27,311.22324
982,1011.0921
1645,1594.2837
1830,1349.0183
34,192.85873
1023,960.4748
695,816.1808
1006,988.13934
138,408.81842
846,921.7737
1640,1399.845
1037,1462.5192
927,915.8997
1113,1125.4042
393,357.28302
321,506.95676
928,930.1204
714,564.8652
1720,1557.7047
931,939.4426
1132,1207.225
411,730.17084
496,607.8453
1233,932.1706
1009,1048.2037
393,547.54175
906,881.8131
960,959.2642
34,147.87038
651,836.72107
917,932.9359
931,938.1771
367,385.62988
281,304.23087
1006,990.3146
1081,1002.7112
1048,1124.7
1453,1313.5385
1387,1418.6765
1794,1460.2445
1690,1673.4448
1113,1137.4927
169,265.5946
1642,1675.8422
1488,1168.1475
924,941.758
1453,1502.0062
596,734.8529
885,929.3023
116,53.13819
1365,1461.8898
575,597.18066
590,392.9447
1540,464.00275
1074,1186.8907
321,460.8406
127,800.0774
1072,992.81555
1567,1161.4493
990,843.59534
917,913.86584
590,597.5098
61,561.62427
779,750.1022
1023,956.5948
1479,1318.9099
917,905.4368
1307,1351.7299
844,826.0052
1754,856.4266
1244,1024.5044
577,112.033424
1132,1162.5448
34,-30.982893
1601,1666.099
105,1705.6318
1618,1107.0721
1453,1442.7712
656,526.5846
654,529.7078
138,255.49596
1551,1657.4099
1560,1137.4647
717,430.7425
1394,1171.7356
620,641.81805
318,470.8039
725,749.1122
1710,1404.3103
1713,1228.2706
1658,1654.8811
714,659.5854
321,375.86087
382,444.6875
915,956.5096
845,875.3565
550,407.91864
991,995.1814
1006,998.5794
1280,1433.8556
723,673.6877
542,375.02606
1236,1269.6871
392,342.164
24,348.4266
1418,1290.4436
34,14.345732
555,649.14923
614,606.7405
1001,898.8072
681,471.50748
1214,1126.6152
1453,1424.9995
1335,1133.9017
1009,1013.88434
1533,940.29047
34,378.67078
1170,1365.5251
88,147.34515
900,918.69324
127,816.7966
590,355.93497
454,384.07236
845,827.57635
846,1050.1746
1168,1100.9182
1113,1141.3041
147,270.0752
1284,1298.6056
1707,1549.9279
1088,1027.3528
279,202.36505
1009,981.06665
928,1038.7631
1556,1434.0918
542,453.83038
318,237.97015
911,898.59424
105,160.73114
1210,1077.4484
982,994.0677
1359,1251.5945
854,881.60095
1009,990.7259
84,341.74847
468,537.9621
138,348.0811
1445,959.5901
1160,966.7304
1645,1625.027
901,963.3089
1531,1078.6025
733,558.65393
851,808.97095
211,330.453
694,620.3246
138,586.9219
781,713.68005
1346,746.81573
575,558.2652
289,285.75623
483,601.87354
882,903.37494
1866,57.825462
1385,1202.5061
904,1100.8206
575,481.10242
851,840.8782
976,935.3583
806,819.052
935,942.8415
774,820.0407
911,911.70026
845,870.05554
166,379.37305
931,993.62006
575,530.0779
105,758.8213
882,847.81335
866,974.4811
882,941.2772
496,571.7999
54,149.21005
70,192.79607
1225,1156.0165
1692,871.2634
786,748.0312
647,606.7046
367,274.43546
585,503.06213
774,792.62085
393,476.31427
976,1090.3959
405,319.6465
885,808.8152
865,856.5086
138,107.65148
970,955.5112
1002,1051.6338
900,908.21136
1062,1156.2815
1365,1408.1655
1006,1024.7554
1033,975.6632
1421,1129.1394
1642,1551.8544
1364,1400.8578
1658,1749.1364
1553,1595.9346
882,910.7136
414,400.53616
614,555.8476
885,958.1313
868,914.06836
1156,1270.9287
1342,1288.6171
1044,1302.2449
882,886.18823
109,93.35056
1118,1003.8998
316,432.24542
1002,1005.49603
34,91.2527
1624,1515.9102
1415,1012.05664
1284,1342.8232
1220,1001.3207
585,461.79453
1236,1239.8033
542,413.26617
164,957.52576
915,960.6876
34,56.373608
111,267.58728
1284,1357.733
1591,1507.7318
393,460.83862
1411,845.53766
950,1202.308
1118,1012.77496
1302,1289.3259
879,877.67017
641,497.39636
1760,1510.032
1074,1160.9758
1006,1033.4417
1306,1140.5137
452,817.0201
1342,1242.6819
1356,1089.0635
405,323.47333
710,908.7851
1198,1268.2046
487,813.9001
85,297.19604
321,346.98932
906,936.4094
1404,1425.7273
614,515.8034
227,884.1511
1044,1138.3278
931,1009.5598
585,409.3047
424,1051.1456
1107,1306.1029
851,873.169
288,254.24994
1361,1265.934
481,552.42053
1624,1630.7688
197,519.69244
1003,1044.4677
131,246.28424
70,175.97794
734,28.855677
1415,1498.2771
1685,1674.6272
321,377.12607
1063,798.14624
512,463.8865
1011,944.6149
1063,874.78394
1006,1020.3489
888,707.9934
500,89.17557
695,830.09125
900,874.94556
868,925.9086
954,1014.4532
845,748.23816
1462,1325.7163
763,663.9788
590,494.41824
1785,1529.5211
105,317.61127
24,549.3396
1481,1277.0007
316,379.0895
681,696.13556
1039,1104.4648
414,508.28323
495,1137.3512
913,903.499
888,886.4601
1454,1275.8387
606,237.21112
1057,1083.226
508,421.539
310,584.76196
783,773.12897
1699,1737.8038
1679,1033.5106
904,816.47516
931,997.7852
1685,1530.4778
471,768.5671
1854,1694.421
1658,1729.42
878,916.08295
588,1055.2825
866,994.4351
1666,956.21326
1040,1250.7129
1551,1544.928
1810,1091.5919
347,578.62854
34,92.75844
1215,1122.5144
808,779.4705
1256,1207.5167
1398,998.3698
585,437.94205
105,152.19778
1394,1238.3864
1035,1045.9713
1404,1377.257
1064,1240.327
1534,997.2142
882,925.7187
1455,1229.6113
1280,1407.7449
1018,1035.74
1845,1132.8754
442,351.16812
414,406.93118
559,686.10455
281,423.18573
1153,1076.858
381,465.83832
34,58.891865
1636,1279.4098
1371,1271.795
1312,1260.2063
866,1067.2102
960,976.5284
928,1056.0056
1453,1473.0233
1768,1624.5557
6,1452.5165
575,572.2869
289,86.49184
34,77.96938
414,427.77832
1118,1021.996
1203,1173.1527
906,1001.3214
1645,986.2439
408,474.72064
1035,1013.6051
1710,1213.1118
1532,967.82556
965,920.4425
454,461.07935
1068,1269.238
1473,1287.7344
287,272.82367
1453,1292.8184
405,492.9457
555,638.7047
931,1021.0419
591,665.5685
1004,922.9616
524,476.438
888,916.86127
774,667.61444
996,1021.7689
614,516.5993
1009,1005.7607
274,692.15894
1495,1285.575
1551,1676.0828
916,976.6206
1136,1111.8866
408,514.21466
1009,1004.3415
1494,1354.5026
1685,2094.6975
1710,1423.6398
1101,1031.949
911,852.525
706,560.6899
34,142.98158
34,90.70021
1327,1176.8022
1806,760.0487
534,466.01605
1084,1130.1956
105,202.7096
208,283.79153
192,878.296
1021,1482.1575
496,680.29517
575,433.1546
695,838.4724
34,119.47089
1394,1299.5819
911,887.4973
931,946.5334
64,1405.4948
956,956.05646
228,393.50638
1792,1896.0424
1151,1328.6455
1132,1242.0681
614,531.00964
551,541.4876
847,688.26227
1497,1371.8994
1415,1345.4661
1215,1141.5325
847,642.16
34,-53.32513
989,1140.0394
433,623.1635
260,1477.6934
845,932.6121
904,895.3324
600,558.0667
706,614.1011
16,1305.4137
1006,979.1851
1230,1010.0813
207,400.0987
827,809.3414
1560,1436.9244
624,913.4463
453,784.15125
1044,1164.9183
1445,1077.8789
1291,1444.2468
1522,1311.4661
834,811.2836
1018,1002.981
34,0.03651789
879,898.3698
853,853.0721
1215,1143.3832
964,1187.2012
54,162.86255
906,903.2834
1399,1193.4386
1280,1410.8542
454,418.98557
840,774.6077
647,690.27765
1066,1042.567
1600,1138.7356
1492,1514.5009
900,889.20776
851,860.17957
614,640.2281
266,461.3282
1055,1094.785
890,914.79785
906,920.1307
987,1053.3667
1433,1289.4718
1009,1000.1271
917,877.97504
483,841.9656
1702,1693.8372
1361,1405.0404
1101,645.3741
1117,1308.5784
1336,952.5144
301,958.4144
367,334.17282
1569,1210.15
297,407.35086
1645,1742.6107
1074,1127.6927
1415,1300.1056
1297,1551.1399
60,1402.1906
913,913.0754
614,621.5471
201,165.96135
1087,1110.8668
879,879.1635
562,556.6602
7,1347.3861
1479,1147.753
267,1097.7191
1464,1178.5409
1284,1272.3427
1064,1190.9928
1058,1225.4154
146,68.68034
1308,931.1449
942,922.2788
876,922.2788
585,530.6743
851,864.1207
1397,1345.3517
1453,1190.0083
1092,1013.9456
289,172.11299
987,1088.0481
1685,1645.9158
1619,1229.3606
701,863.98413
1540,681.78064
1394,1210.8981
90,519.5508
251,1591.5612
514,517.51624
1445,992.1517
1503,1571.4403
1006,1013.3717
1658,1541.217
1270,1170.2228
1787,1430.5149
1832,1382.9504
1832,1181.268
1243,1286.6174
1645,1612.0586
1819,1723.8752
1736,1511.7678
865,887.16254
1246,1307.8302
1453,1417.2692
154,564.25354
393,354.39526
508,574.9082
1784,1036.25
885,842.3257
70,-79.7148
1039,1343.6218
322,204.22757
1082,1042.2216
1717,1509.4475
123,481.0862
146,199.2059
138,572.95953
299,487.23325
596,744.3224
360,402.4494
740,792.77295
508,558.935
227,467.8587
436,371.5391
34,135.65393
935,941.0016
688,921.66705
405,329.31238
603,446.21982
1861,1528.3464
1284,1338.1747
405,367.73407
411,818.62286
1302,1105.945
1500,1190.639
993,770.6161
1006,1002.3979
900,949.8527
1832,1300.5764
900,921.0408
1489,1348.3057
1464,1297.4738
452,508.82397
1869,67.81189
1441,928.893
451,542.9343
1550,1148.3954
861,942.4716
1612,1453.4153
845,826.99255
656,626.0112
1397,1425.3983
1518,1394.7185
550,475.30783
76,852.38983
1020,907.3316
840,709.2147
342,788.7605
1006,999.3425
1292,1330.215
1453,1444.0463
190,322.3213
883,925.1233
590,462.58942
54,141.76349
375,563.6839
1203,1238.4738
590,543.0641
151,818.168
985,1024.1803
960,968.0815
1497,1363.4895
606,612.2657
1453,1459.8279
197,671.7915
355,674.03656
1432,1311.6268
1838,1235.4691
524,560.49817
393,449.82208
669,660.9323
1013,1238.9308
854,899.35114
1832,1571.3549
1256,1038.8378
990,859.02966
1645,891.465
567,645.2918
845,803.66376
1284,1328.069
301,1160.6854
1561,1053.7988
1365,1375.1602
34,75.848785
242,380.7326
1685,1267.3805
328,400.56598
1025,1441.6025
1670,1144.1891
1497,1221.8313
806,861.28796
903,935.2363
469,351.37827
175,1668.0317
702,859.8037
1035,1071.9008
900,844.4994
1464,1356.1469
360,642.6696
495,749.7262
105,604.11316
508,489.95148
1006,1021.5262
1825,975.77875
614,631.12756
946,953.4464
1685,1413.9056
382,494.78604
47,46.541714
605,696.4235
868,955.5116
562,632.33527
215,744.1064
681,474.27493
316,415.80643
1006,1045.7753
197,624.878
758,848.5048
1479,1140.2378
268,439.73685
34,77.58138
451,450.75043
555,583.33105
833,730.5996
781,831.34937
1132,1189.9683
27,327.54184
1551,1450.2579
146,382.05188
1009,1071.7255
1669,671.769
1040,1143.0701
1374,833.0878
1868,33.517937
1194,1356.086
632,-50.432297
99,467.07565
872,844.9172
1296,1276.6119
1453,1510.9297
1009,993.0837
1733,1683.6575
590,605.5307
900,918.9189
976,953.68164
1068,1307.0363
982,929.86993
1097,1225.6553
1845,949.75397
960,963.2035
844,843.01276
1832,1869.3308
1009,1035.6614
669,638.9147
65,699.08295
251,272.54572
1394,1261.4625
299,355.65686
1125,1123.7913
1832,1721.5435
1670,1781.7632
1479,657.5443
1685,636.5525
318,109.244644
1050,948.0759
1830,1375.1333
1202,1141.4246
1150,1081.1414
1729,807.01025
647,619.7203
451,450.84338
1214,1088.7744
408,436.9984
24,327.57486
603,593.5676
1213,1198.3456
1453,1360.2019
1647,1661.284
681,594.2991
54,113.65315
366,378.4776
1257,1251.5796
1828,1549.149
591,575.03033
1401,1335.808
956,1038.4312
111,272.15823
913,997.51215
1064,1099.8461
496,628.7319
906,956.2061
1161,1125.0112
457,608.1158
1803,1093.9089
1237,1238.3943
833,761.1258
976,1092.6783
906,944.2789
618,958.75385
1417,1086.3715
1036,1146.1205
542,492.10825
408,434.0723
1591,1465.3951
